name,team,position,games_played,at_bats,runs,hits,doubles,triples,home_runs,runs_batted_in,walks,strikes,steals,avg,on_base_percentage,slugging_percentage,on_base_plus_slugging,In_ESPN_Top_50
Jarren Duran,BOS,OF,160,671,111,191,48,14,21,75,54,160,34,0.285,0.342,0.492,0.834,True
Ezequiel Tovar,COL,SS,157,655,83,176,45,4,26,78,23,200,6,0.269,0.295,0.469,0.764,True
Marcus Semien,TEX,2B,159,650,101,154,27,2,23,74,64,105,8,0.237,0.308,0.391,0.699,False
Anthony Volpe,NYY,SS,160,637,90,155,27,7,12,60,42,156,28,0.243,0.293,0.364,0.657,False
Bobby Witt,KC,SS,161,636,125,211,45,11,32,109,57,106,31,0.332,0.389,0.588,0.977,False
Shohei Ohtani,LAD,DH,159,636,134,197,38,7,54,130,81,162,59,0.31,0.39,0.646,1.036,True
Gunnar Henderson,BAL,SS,159,630,118,177,31,7,37,92,78,159,21,0.281,0.364,0.529,0.893,True
Jose Altuve,HOU,2B,153,628,94,185,31,0,20,65,47,119,22,0.295,0.35,0.439,0.789,True
Bryan Reynolds,PIT,OF,156,622,73,171,29,3,24,88,57,156,10,0.275,0.344,0.447,0.791,True
Jose Ramirez,CLE,3B,158,620,114,173,39,2,39,118,54,82,41,0.279,0.335,0.537,0.872,True
Francisco Lindor,NYM,SS,152,618,107,169,39,1,33,91,56,127,29,0.273,0.344,0.5,0.844,True
Elly De La Cruz,CIN,SS,160,618,105,160,36,10,25,76,69,218,67,0.259,0.339,0.471,0.81,False
Vladimir Guerrero,TOR,1B,159,616,98,199,44,1,30,103,72,96,2,0.323,0.396,0.544,0.94,False
Willy Adames,MIL,SS,161,610,93,153,33,0,32,112,74,173,21,0.251,0.331,0.462,0.793,False
Pete Alonso,NYM,1B,162,608,91,146,31,0,34,88,70,172,3,0.24,0.329,0.459,0.788,False
Marcell Ozuna,ATL,DH,162,606,96,183,31,0,39,104,74,170,1,0.302,0.378,0.546,0.924,True
Nick Castellanos,PHI,OF,162,606,80,154,30,4,23,86,41,139,6,0.254,0.311,0.431,0.742,False
Jeremy Pena,HOU,SS,157,602,78,160,28,2,15,70,25,111,20,0.266,0.308,0.394,0.702,True
Matt Olson,ATL,1B,162,600,78,148,37,1,29,98,71,170,0,0.247,0.333,0.457,0.79,False
Paul Goldschmidt,STL,1B,154,599,70,147,33,1,22,65,47,173,11,0.245,0.302,0.414,0.716,False
Anthony Santander,BAL,OF,155,595,91,140,25,2,44,102,58,129,2,0.235,0.308,0.506,0.814,False
William Contreras,MIL,C,155,595,99,167,37,2,23,92,78,139,9,0.281,0.365,0.466,0.831,True
Manny Machado,SD,3B,152,593,77,163,30,0,29,105,45,124,11,0.275,0.325,0.472,0.797,True
Salvador Perez,KC,C,158,590,58,160,28,0,27,104,44,129,0,0.271,0.33,0.456,0.786,True
Teoscar Hernandez,LAD,OF,154,589,84,160,32,2,33,99,53,188,12,0.272,0.339,0.501,0.84,True
Corbin Carroll,ARI,OF,158,589,121,136,22,14,22,74,73,130,35,0.231,0.322,0.428,0.75,False
Gleyber Torres,NYY,2B,154,587,80,151,26,0,15,63,65,136,4,0.257,0.33,0.378,0.708,False
Brendan Donovan,STL,2B,153,587,65,163,34,3,14,73,47,81,5,0.278,0.342,0.417,0.759,True
Masyn Winn,STL,SS,150,587,85,157,32,5,15,57,41,109,11,0.267,0.314,0.416,0.73,True
Yainer Diaz,HOU,C,148,585,70,175,29,3,16,84,24,107,2,0.299,0.325,0.441,0.766,True
Taylor Ward,LAA,OF,156,585,73,144,26,2,25,75,63,163,6,0.246,0.323,0.426,0.749,False
Andres Gimenez,CLE,2B,152,583,64,147,22,1,9,63,26,97,30,0.252,0.298,0.34,0.638,False
Nico Hoerner,CHC,2B,151,582,86,159,35,1,7,48,44,66,31,0.273,0.335,0.373,0.708,True
Alex Bregman,HOU,3B,145,581,79,151,30,2,26,75,44,86,3,0.26,0.315,0.453,0.768,False
Adolis Garcia,TEX,OF,154,580,68,130,27,0,25,85,45,177,11,0.224,0.284,0.4,0.684,False
Nolan Arenado,STL,3B,152,578,70,157,23,0,16,71,44,92,2,0.272,0.325,0.394,0.719,True
Jake Cronenworth,SD,2B,155,577,72,139,29,3,17,83,61,118,5,0.241,0.324,0.39,0.714,False
Juan Soto,NYY,OF,157,576,128,166,31,4,41,109,129,119,7,0.288,0.419,0.569,0.988,True
Matt Chapman,SF,3B,154,575,98,142,39,2,27,78,64,158,15,0.247,0.328,0.463,0.791,False
Maikel Garcia,KC,3B,157,575,84,133,27,5,7,58,42,103,37,0.231,0.281,0.332,0.613,False
Spencer Steer,CIN,OF,158,574,74,129,34,4,20,92,72,137,25,0.225,0.319,0.402,0.721,False
Kyle Schwarber,PHI,DH,150,573,110,142,22,0,38,104,106,197,5,0.248,0.366,0.485,0.851,False
JJ Bleday,OAK,OF,159,572,74,139,43,4,20,60,67,125,2,0.243,0.324,0.437,0.761,False
Adley Rutschman,BAL,C,148,571,68,143,21,1,19,79,58,103,1,0.25,0.318,0.391,0.709,False
Brandon Nimmo,NYM,OF,151,571,88,128,25,3,23,90,77,158,15,0.224,0.327,0.399,0.726,False
Eugenio Suarez,ARI,3B,158,571,90,146,28,2,30,101,49,176,2,0.256,0.319,0.469,0.788,False
Andrew Vaughn,CWS,1B,149,570,55,140,30,1,19,70,38,132,2,0.246,0.297,0.402,0.699,False
Ian Happ,CHC,OF,153,569,89,138,34,2,25,86,80,168,13,0.243,0.341,0.441,0.782,False
Ryan McMahon,COL,3B,153,567,68,137,28,0,20,65,69,185,4,0.242,0.325,0.397,0.722,False
Julio Rodriguez,SEA,OF,143,567,76,155,17,0,20,68,38,156,24,0.273,0.325,0.409,0.734,True
Jurickson Profar,SD,OF,158,564,94,158,29,0,24,85,76,101,10,0.28,0.38,0.459,0.839,True
Josh Naylor,CLE,1B,152,563,84,137,27,0,31,108,58,105,6,0.243,0.32,0.456,0.776,False
Yandy Diaz,TB,1B,145,563,55,158,31,1,14,65,50,95,0,0.281,0.341,0.414,0.755,True
Alex Verdugo,NYY,OF,149,559,74,130,28,1,13,61,49,93,2,0.233,0.291,0.356,0.647,False
Aaron Judge,NYY,OF,158,559,122,180,36,1,58,144,133,171,10,0.322,0.458,0.701,1.159,True
Brice Turang,MIL,2B,155,559,72,142,24,4,7,57,50,105,50,0.254,0.316,0.349,0.665,False
Willi Castro,MIN,OF,158,558,89,138,31,5,12,60,51,150,14,0.247,0.331,0.385,0.716,False
Alec Bohm,PHI,3B,143,554,62,155,44,2,15,97,40,86,5,0.28,0.332,0.448,0.78,True
Jackson Merrill,SD,OF,156,554,77,162,31,6,24,90,29,101,16,0.292,0.326,0.5,0.826,True
Yordan Alvarez,HOU,OF,147,552,88,170,34,2,35,86,69,95,6,0.308,0.392,0.567,0.959,True
Orlando Arcia,ATL,SS,157,551,50,120,24,0,17,46,41,128,2,0.218,0.271,0.354,0.625,False
Bryce Harper,PHI,1B,145,550,85,157,42,0,30,87,76,138,7,0.285,0.373,0.525,0.898,True
Alec Burleson,STL,OF,152,547,71,147,20,0,21,78,35,76,9,0.269,0.314,0.42,0.734,True
Brent Rooker,OAK,DH,145,546,82,160,26,2,39,112,59,177,11,0.293,0.365,0.562,0.927,True
Cal Raleigh,SEA,C,153,546,73,120,16,0,34,100,70,176,6,0.22,0.312,0.436,0.748,False
George Springer,TOR,OF,145,545,74,120,19,3,19,56,60,115,16,0.22,0.303,0.371,0.674,False
Ceddanne Rafaela,BOS,OF,152,544,70,134,23,5,15,75,15,151,19,0.246,0.274,0.39,0.664,False
Zach Neto,LAA,SS,155,542,70,135,34,1,23,77,39,140,30,0.249,0.318,0.443,0.761,False
Freddie Freeman,LAD,1B,147,542,81,153,35,2,22,89,78,100,9,0.282,0.378,0.476,0.854,True
Brenton Doyle,COL,OF,149,542,82,141,24,4,23,72,46,153,30,0.26,0.317,0.446,0.763,False
CJ Abrams,WSH,SS,138,541,79,133,29,6,20,65,40,128,31,0.246,0.314,0.433,0.747,False
Oneil Cruz,PIT,OF,146,541,72,140,34,3,21,76,51,181,22,0.259,0.324,0.449,0.773,False
Jake Burger,MIA,1B,137,535,68,134,23,1,29,76,31,150,1,0.25,0.301,0.46,0.761,False
Dansby Swanson,CHC,SS,149,534,82,129,27,2,16,66,54,144,19,0.242,0.312,0.39,0.702,False
Jonathan India,CIN,2B,151,533,84,132,28,2,15,58,80,125,13,0.248,0.357,0.392,0.749,False
Jackson Chourio,MIL,OF,148,528,80,145,29,4,21,79,39,121,22,0.275,0.327,0.464,0.791,True
Rafael Devers,BOS,3B,138,525,87,143,34,5,28,83,67,147,3,0.272,0.354,0.516,0.87,True
Josh Smith,TEX,3B,149,523,67,135,30,1,13,62,46,121,11,0.258,0.337,0.394,0.731,False
Carlos Santana,MIN,1B,150,521,63,124,26,0,23,71,65,99,4,0.238,0.328,0.42,0.748,False
Nolan Schanuel,LAA,1B,147,519,62,130,19,0,13,54,68,103,10,0.25,0.343,0.362,0.705,False
Matt Vierling,DET,OF,144,518,80,133,28,5,16,57,41,121,6,0.257,0.312,0.423,0.735,False
Cody Bellinger,CHC,OF,130,516,72,137,23,3,18,78,45,89,9,0.266,0.325,0.426,0.751,True
Colt Keith,DET,2B,148,516,54,134,15,4,13,61,36,110,7,0.26,0.309,0.38,0.689,False
Lourdes Gurriel,ARI,OF,133,513,72,143,22,2,18,75,29,101,7,0.279,0.322,0.435,0.757,False
Riley Greene,DET,OF,137,512,82,134,27,6,24,74,64,156,4,0.262,0.348,0.479,0.827,False
Seiya Suzuki,CHC,OF,132,512,74,145,27,6,21,73,63,160,16,0.283,0.366,0.482,0.848,True
Bryson Stott,PHI,2B,148,506,65,124,19,2,11,57,53,93,32,0.245,0.315,0.356,0.671,False
Trea Turner,PHI,SS,121,505,88,149,25,0,21,62,27,98,19,0.295,0.338,0.469,0.807,True
Ketel Marte,ARI,2B,136,504,93,147,23,2,36,95,65,106,7,0.292,0.372,0.56,0.932,True
Brendan Rodgers,COL,2B,135,501,67,134,29,1,13,54,31,132,1,0.267,0.314,0.407,0.721,True
Luis Arraez,SD,1B,117,500,61,159,24,2,4,41,16,18,9,0.318,0.346,0.398,0.744,False
Luis Garcia,WSH,2B,140,500,58,141,25,1,18,70,27,86,22,0.282,0.318,0.444,0.762,False
Colton Cowser,BAL,OF,153,499,77,121,24,3,24,69,52,172,9,0.242,0.321,0.447,0.768,False
Wyatt Langford,TEX,OF,134,499,74,126,25,4,16,74,51,115,19,0.253,0.325,0.415,0.74,False
Zack Gelof,OAK,2B,138,497,60,105,20,2,17,49,38,188,25,0.211,0.27,0.362,0.632,False
Vinnie Pasquantino,KC,1B,131,496,64,130,30,2,19,97,40,71,1,0.262,0.315,0.446,0.761,True
Michael Busch,CHC,1B,152,496,73,123,28,2,21,65,63,162,2,0.248,0.335,0.44,0.775,False
Jesus Sanchez,MIA,OF,149,489,60,123,25,1,18,64,41,140,16,0.252,0.313,0.417,0.73,False
Nathaniel Lowe,TEX,1B,140,486,62,129,16,1,16,69,71,125,2,0.265,0.361,0.401,0.762,True
Shea Langeliers,OAK,C,137,482,58,108,18,2,29,80,41,145,4,0.224,0.288,0.45,0.738,False
Steven Kwan,CLE,OF,122,480,83,140,16,3,14,44,53,51,12,0.292,0.368,0.425,0.793,True
Leody Taveras,TEX,OF,151,480,59,110,17,3,12,44,42,112,23,0.229,0.289,0.352,0.641,False
Christian Walker,ARI,1B,130,479,72,120,26,0,26,84,55,133,2,0.251,0.335,0.468,0.803,False
Logan O'Hoppe,LAA,C,136,479,64,117,17,1,20,56,33,155,2,0.244,0.303,0.409,0.712,False
Andrew Benintendi,CWS,OF,135,477,50,109,20,0,20,64,41,96,3,0.229,0.289,0.396,0.685,False
Will Smith,LAD,C,128,476,77,118,24,2,20,75,51,105,1,0.248,0.327,0.433,0.76,False
Heliot Ramos,SF,OF,121,475,54,128,23,3,22,72,37,135,6,0.269,0.322,0.469,0.791,True
Corey Seager,TEX,SS,123,475,68,132,21,0,30,74,53,96,1,0.278,0.353,0.512,0.865,True
Sal Frelick,MIL,OF,145,475,66,123,22,4,2,32,39,78,18,0.259,0.32,0.335,0.655,False
Ryan Mountcastle,BAL,1B,124,473,54,128,30,2,13,63,27,114,3,0.271,0.308,0.425,0.733,True
Jacob Young,WSH,OF,150,468,75,120,24,1,3,36,30,102,33,0.256,0.316,0.331,0.647,False
Jake Meyers,HOU,OF,148,461,51,101,20,3,13,61,35,117,11,0.219,0.286,0.36,0.646,False
Jonah Heim,TEX,C,131,459,45,101,12,1,13,59,26,90,1,0.22,0.267,0.336,0.603,False
Keibert Ruiz,WSH,C,127,459,46,105,21,0,13,57,16,54,3,0.229,0.26,0.359,0.619,False
Daulton Varsho,TOR,OF,136,459,73,98,21,7,18,58,48,137,10,0.214,0.293,0.407,0.7,False
Tyler Stephenson,CIN,C,138,457,69,118,26,1,19,66,48,117,1,0.258,0.338,0.444,0.782,False
Gavin Sheets,CWS,OF,139,451,35,105,24,1,10,45,43,106,2,0.233,0.303,0.357,0.66,False
Mookie Betts,LAD,OF,116,450,75,130,24,5,19,75,61,57,16,0.289,0.372,0.491,0.863,True
Charlie Blackmon,COL,OF,124,449,59,115,24,5,12,52,43,86,6,0.256,0.329,0.412,0.741,False
Rhys Hoskins,MIL,1B,131,449,59,96,14,0,26,82,53,149,3,0.214,0.303,0.419,0.722,False
Andrew McCutchen,PIT,DH,120,448,66,104,18,1,20,50,58,133,3,0.232,0.328,0.411,0.739,False
Connor Wong,BOS,C,126,447,54,125,24,1,13,52,28,114,8,0.28,0.333,0.425,0.758,False
Cedric Mullins,BAL,OF,147,444,69,104,16,3,18,54,41,98,32,0.234,0.305,0.405,0.71,False
Ryan O'Hearn,BAL,1B,142,443,60,117,21,3,15,59,46,69,3,0.264,0.334,0.427,0.761,False
Jake McCarthy,ARI,OF,142,442,66,126,13,7,8,56,31,78,25,0.285,0.349,0.4,0.749,False
Jose Caballero,TB,SS,139,441,53,100,24,1,9,44,27,133,44,0.227,0.283,0.347,0.63,False
Michael Harris,ATL,OF,110,440,58,116,14,3,16,48,23,94,10,0.264,0.304,0.418,0.722,False
Joey Ortiz,MIL,3B,142,440,58,105,25,6,11,60,56,103,11,0.239,0.329,0.398,0.727,False
Gavin Lux,LAD,2B,139,439,59,110,24,2,10,50,44,110,5,0.251,0.32,0.383,0.703,False
Michael Conforto,SF,OF,130,438,56,104,27,3,20,66,42,118,0,0.237,0.309,0.45,0.759,False
J.D. Martinez,NYM,DH,120,434,46,102,24,1,16,69,49,141,0,0.235,0.32,0.406,0.726,False
Ernie Clement,TOR,3B,139,434,48,114,21,3,12,51,11,41,12,0.263,0.284,0.408,0.692,False
Xander Bogaerts,SD,SS,111,428,50,113,15,1,11,44,28,79,13,0.264,0.307,0.381,0.688,False
Mike Yastrzemski,SF,OF,140,428,60,99,16,9,18,57,38,124,3,0.231,0.302,0.437,0.739,False
Jeimer Candelario,CIN,1B,112,427,47,96,23,2,20,56,27,114,4,0.225,0.279,0.429,0.708,False
Austin Riley,ATL,3B,110,425,63,109,26,2,19,56,37,118,0,0.256,0.322,0.461,0.783,False
Jeff McNeil,NYM,2B,129,424,57,101,26,0,12,44,35,68,5,0.238,0.308,0.384,0.692,False
Bryan De La Cruz,MIA,OF,105,424,44,104,19,0,18,51,25,118,3,0.245,0.289,0.417,0.706,False
Josh Rojas,SEA,3B,143,422,48,95,19,2,8,31,46,108,10,0.225,0.304,0.336,0.64,False
Brandon Marsh,PHI,OF,135,418,55,104,17,3,16,60,50,154,19,0.249,0.328,0.419,0.747,False
Jorge Polanco,SEA,2B,118,417,43,89,11,0,16,45,46,137,4,0.213,0.296,0.355,0.651,False
Giancarlo Stanton,NYY,DH,114,417,49,97,20,0,27,72,38,143,0,0.233,0.298,0.475,0.773,False
Jordan Westburg,BAL,2B,107,416,57,110,26,5,18,63,22,97,6,0.264,0.312,0.481,0.793,False
Mark Vientos,NYM,3B,111,413,58,110,22,0,27,71,33,135,0,0.266,0.322,0.516,0.838,False
MJ Melendez,KC,OF,135,412,44,85,23,3,17,44,35,113,4,0.206,0.273,0.4,0.673,False
Jarred Kelenic,ATL,OF,131,412,49,95,18,2,15,45,32,133,7,0.231,0.286,0.393,0.679,False
Ryan Jeffers,MIN,C,122,412,56,93,22,0,21,64,32,94,3,0.226,0.3,0.432,0.732,False
Lawrence Butler,OAK,OF,125,412,63,108,24,2,22,57,35,108,18,0.262,0.317,0.49,0.807,False
Tyler O'Neill,BOS,OF,113,411,74,99,18,0,31,61,53,159,4,0.241,0.336,0.511,0.847,False
Jo Adell,LAA,OF,130,405,54,84,15,2,20,62,35,126,15,0.207,0.28,0.402,0.682,False
Luke Raley,SEA,1B,137,404,58,98,19,2,22,58,27,135,11,0.243,0.32,0.463,0.783,False
Andy Pages,LAD,OF,116,403,65,100,23,1,13,46,29,108,1,0.248,0.305,0.407,0.712,False
Otto Lopez,MIA,2B,117,403,49,109,23,1,6,39,25,75,20,0.27,0.313,0.377,0.69,False
Ha-Seong Kim,SD,SS,121,403,60,94,16,3,11,47,58,77,22,0.233,0.33,0.37,0.7,False
Jose Siri,TB,OF,130,402,50,75,16,1,18,47,31,170,14,0.187,0.255,0.366,0.621,False
Harrison Bader,NYM,OF,143,402,57,95,19,0,12,51,21,95,17,0.236,0.284,0.373,0.657,False
Mauricio Dubon,HOU,OF,137,402,45,108,25,0,4,47,16,55,3,0.269,0.296,0.361,0.657,False
Jose Miranda,MIN,3B,121,401,44,114,28,4,9,49,18,66,2,0.284,0.322,0.441,0.763,False
Patrick Bailey,SF,C,121,401,46,94,16,1,8,46,39,100,4,0.234,0.298,0.339,0.637,False
Wilyer Abreu,BOS,OF,132,399,59,101,33,2,15,58,40,125,8,0.253,0.322,0.459,0.781,False
Michael Toglia,COL,1B,116,399,62,87,14,3,25,55,54,147,10,0.218,0.311,0.456,0.767,False
Ozzie Albies,ATL,2B,99,399,52,100,29,1,10,53,27,65,8,0.251,0.303,0.404,0.707,False
Josh Bell,MIA,1B,104,398,38,95,18,1,14,49,34,88,0,0.239,0.305,0.394,0.699,False
Fernando Tatis,SD,OF,102,398,64,110,21,1,21,49,32,96,11,0.276,0.34,0.492,0.832,False
Nicky Lopez,CWS,2B,124,398,40,96,12,3,1,21,37,67,5,0.241,0.312,0.294,0.606,False
Davis Schneider,TOR,2B,135,397,48,76,19,1,13,46,47,144,6,0.191,0.282,0.343,0.625,False
Max Schuemann,OAK,SS,133,396,55,87,14,0,7,34,47,119,14,0.22,0.311,0.308,0.619,False
Jared Triolo,PIT,3B,125,394,41,85,10,1,9,46,42,118,8,0.216,0.296,0.315,0.611,False
Luis Robert,CWS,OF,100,393,47,88,19,0,14,35,28,141,23,0.224,0.278,0.379,0.657,False
J.P. Crawford,SEA,SS,105,392,55,79,16,2,9,37,52,102,5,0.202,0.304,0.321,0.625,False
Mickey Moniak,LAA,OF,124,392,48,86,17,2,14,49,21,114,8,0.219,0.266,0.38,0.646,False
Wenceel Perez,DET,OF,112,389,51,94,16,6,9,37,32,92,9,0.242,0.3,0.383,0.683,False
Jazz Chisholm,MIA,3B,101,386,46,96,14,4,13,50,39,107,22,0.249,0.323,0.407,0.73,False
Brandon Lowe,TB,2B,107,385,56,94,19,3,21,58,33,112,5,0.244,0.311,0.473,0.784,False
Hunter Renfroe,KC,OF,120,385,44,88,18,0,15,52,36,84,1,0.229,0.297,0.392,0.689,False
Kyle Isbel,KC,OF,136,384,62,88,13,8,8,42,27,88,11,0.229,0.287,0.367,0.654,False
Brayan Rocchio,CLE,SS,143,383,50,79,18,0,8,36,44,90,10,0.206,0.298,0.316,0.614,False
Rowdy Tellez,PIT,1B,132,383,38,93,18,0,13,56,31,89,1,0.243,0.299,0.392,0.691,False
Blake Perkins,MIL,OF,121,383,54,92,13,2,6,43,42,108,23,0.24,0.316,0.332,0.648,False
Mitch Haniger,SEA,OF,121,380,42,79,12,0,12,44,40,126,0,0.208,0.286,0.334,0.62,False
J.T. Realmuto,PHI,C,99,380,50,101,18,1,14,47,27,102,2,0.266,0.322,0.429,0.751,False
Masataka Yoshida,BOS,DH,108,378,45,106,21,0,10,56,27,52,2,0.28,0.349,0.415,0.764,False
Korey Lee,CWS,C,125,377,36,79,14,1,12,37,17,122,6,0.21,0.244,0.347,0.591,False
Seth Brown,OAK,OF,124,372,32,86,11,1,14,44,25,112,4,0.231,0.283,0.379,0.662,False
Pete Crow-Armstrong,CHC,OF,123,372,46,88,13,6,10,47,21,98,27,0.237,0.286,0.384,0.67,False
Dylan Moore,SEA,2B,135,368,53,74,23,4,10,42,53,123,32,0.201,0.32,0.367,0.687,False
Max Kepler,MIN,OF,105,368,43,93,21,1,8,42,22,80,1,0.253,0.302,0.38,0.682,False
Joc Pederson,ARI,DH,132,367,62,101,17,1,23,64,55,105,7,0.275,0.393,0.515,0.908,False
Mitch Garver,SEA,C,114,367,37,63,17,0,15,51,53,133,0,0.172,0.286,0.341,0.627,False
Ke'Bryan Hayes,PIT,3B,96,365,38,85,9,0,4,25,23,75,11,0.233,0.283,0.29,0.573,False
Nolan Gorman,STL,2B,107,365,42,74,15,0,19,50,34,151,6,0.203,0.271,0.4,0.671,False
Thairo Estrada,SF,2B,96,364,43,79,15,2,9,47,10,76,2,0.217,0.247,0.343,0.59,False
Connor Joe,PIT,OF,123,364,49,83,22,1,9,36,44,91,2,0.228,0.32,0.368,0.688,False
Isaac Paredes,TB,3B,101,363,41,89,19,1,16,55,52,68,0,0.245,0.357,0.435,0.792,False
Enrique Hernandez,LAD,3B,126,362,44,83,16,0,12,42,27,77,0,0.229,0.281,0.373,0.654,False
Christopher Morel,CHC,2B,103,362,43,72,7,1,18,51,47,103,7,0.199,0.302,0.373,0.675,False
Nick Gonzales,PIT,2B,94,359,42,97,19,3,7,49,18,74,5,0.27,0.311,0.398,0.709,False
Santiago Espinal,CIN,3B,118,357,32,88,12,0,9,45,24,54,11,0.246,0.295,0.356,0.651,False
Trevor Larnach,MIN,OF,112,355,59,92,17,0,15,52,40,89,4,0.259,0.338,0.434,0.772,False
Jon Singleton,HOU,1B,119,355,46,83,13,1,13,42,47,111,0,0.234,0.321,0.386,0.707,False
Byron Buxton,MIN,OF,102,355,62,99,27,3,18,56,20,99,7,0.279,0.335,0.524,0.859,False
Bo Naylor,CLE,C,123,354,39,71,10,2,13,39,29,122,6,0.201,0.264,0.35,0.614,False
Austin Wells,NYY,C,115,354,42,81,18,1,13,55,47,87,1,0.229,0.322,0.395,0.717,False
Josh Lowe,TB,OF,106,353,37,85,19,2,10,34,32,123,25,0.241,0.302,0.391,0.693,False
Lenyn Sosa,CWS,2B,100,351,28,89,13,0,8,35,12,77,3,0.254,0.283,0.359,0.642,False
Randy Arozarena,TB,OF,100,350,45,74,19,0,15,37,45,101,16,0.211,0.318,0.394,0.712,False
Jake Fraley,CIN,OF,116,350,44,97,19,2,5,26,26,70,20,0.277,0.33,0.386,0.716,False
Lars Nootbaar,STL,OF,109,348,39,85,18,3,12,45,52,79,7,0.244,0.342,0.417,0.759,False
Will Benson,CIN,OF,128,343,41,64,19,2,14,43,40,154,16,0.187,0.274,0.376,0.65,False
Spencer Torkelson,DET,1B,92,342,45,75,21,1,10,37,33,105,0,0.219,0.295,0.374,0.669,False
Jorge Soler,SF,OF,93,341,57,82,23,1,12,40,44,97,1,0.24,0.33,0.419,0.749,False
Alejandro Kirk,TOR,C,103,340,23,86,19,1,5,54,35,51,0,0.253,0.319,0.359,0.678,False
Freddy Fermin,KC,C,111,339,40,92,14,0,6,36,23,66,2,0.271,0.319,0.366,0.685,False
Johan Rojas,PHI,OF,120,338,47,82,12,3,3,32,13,69,25,0.243,0.279,0.322,0.601,False
Geraldo Perdomo,ARI,SS,98,337,61,92,21,2,3,37,36,58,9,0.273,0.344,0.374,0.718,False
Abraham Toro,OAK,3B,94,337,34,81,17,1,6,26,20,62,4,0.24,0.293,0.35,0.643,False
Anthony Rizzo,NYY,1B,92,337,38,77,12,0,8,35,27,65,0,0.228,0.301,0.335,0.636,False
Paul DeJong,CWS,SS,102,337,39,77,14,0,18,41,14,112,2,0.228,0.275,0.43,0.705,False
Starling Marte,NYM,OF,94,335,46,90,13,3,7,40,27,81,16,0.269,0.327,0.388,0.715,False
David Fry,CLE,C,122,335,44,88,18,1,14,51,42,84,4,0.263,0.356,0.448,0.804,False
Michael Massey,KC,2B,100,332,45,86,17,2,14,45,15,56,1,0.259,0.294,0.449,0.743,False
Jonny DeLuca,TB,OF,107,332,29,72,12,4,6,31,24,77,16,0.217,0.278,0.331,0.609,False
LaMonte Wade,SF,1B,117,331,45,86,16,0,8,34,62,90,2,0.26,0.38,0.381,0.761,False
Tyler Freeman,CLE,OF,118,330,48,69,14,1,7,32,28,53,11,0.209,0.305,0.321,0.626,False
Will Brennan,CLE,OF,114,330,37,87,13,2,8,30,19,48,4,0.264,0.309,0.388,0.697,False
Spencer Horwitz,TOR,1B,97,328,46,87,19,0,12,40,42,70,0,0.265,0.357,0.433,0.79,False
Miguel Amaya,CHC,C,117,328,32,76,13,2,8,47,23,62,0,0.232,0.288,0.357,0.645,False
Brandon Drury,LAA,2B,97,325,28,55,7,0,4,15,27,81,1,0.169,0.242,0.228,0.47,False
Jake Cave,COL,OF,123,323,42,81,16,5,7,37,18,98,5,0.251,0.29,0.396,0.686,False
Mark Canha,DET,1B,93,320,42,74,17,0,7,38,42,79,4,0.231,0.337,0.35,0.687,False
Carlos Correa,MIN,SS,86,319,55,99,20,2,14,54,40,61,0,0.31,0.388,0.517,0.905,False
Tyrone Taylor,NYM,OF,130,319,47,79,22,3,7,35,19,80,11,0.248,0.299,0.401,0.7,False
Jesse Winker,WSH,OF,101,315,51,81,18,0,11,45,53,84,14,0.257,0.374,0.419,0.793,False
Manuel Margot,MIN,OF,129,315,37,75,17,1,4,31,21,54,5,0.238,0.289,0.337,0.626,False
Tyler Fitzgerald,SF,SS,96,314,53,88,19,2,15,34,22,108,17,0.28,0.334,0.497,0.831,False
Bo Bichette,TOR,SS,81,311,29,70,16,1,4,31,20,64,5,0.225,0.277,0.322,0.599,False
Jake Rogers,DET,C,102,310,43,61,16,1,10,36,22,99,1,0.197,0.255,0.352,0.607,False
Francisco Alvarez,NYM,C,100,308,39,73,14,2,11,47,30,86,1,0.237,0.307,0.403,0.71,False
Nick Fortes,MIA,C,110,308,28,70,16,0,4,29,11,41,0,0.227,0.259,0.318,0.577,False
Miguel Rojas,LAD,SS,103,307,41,87,21,0,6,36,23,34,8,0.283,0.337,0.41,0.747,False
Travis d'Arnaud,ATL,C,99,307,40,73,16,0,15,48,24,89,1,0.238,0.302,0.436,0.738,False
Gabriel Moreno,ARI,C,97,305,39,81,18,1,5,45,41,52,3,0.266,0.353,0.38,0.733,False
Elias Diaz,COL,C,84,304,26,82,18,0,5,36,17,64,0,0.27,0.315,0.378,0.693,False
Adam Duvall,ATL,OF,104,303,29,55,10,0,11,30,21,99,0,0.182,0.245,0.323,0.568,False
Jake Bauers,MIL,1B,117,302,45,60,9,2,12,43,39,118,13,0.199,0.301,0.361,0.662,False
Miguel Andujar,OAK,OF,75,302,31,86,14,1,4,30,13,42,3,0.285,0.32,0.377,0.697,False
Willson Contreras,STL,C,84,301,48,79,17,0,15,36,45,96,4,0.262,0.38,0.468,0.848,False
Justin Turner,TOR,1B,91,301,37,77,17,0,6,31,39,60,0,0.256,0.35,0.372,0.722,False
Gio Urshela,DET,3B,92,300,25,73,10,1,5,37,19,49,0,0.243,0.286,0.333,0.619,False
Lane Thomas,WSH,OF,77,300,42,76,16,3,8,40,32,72,28,0.253,0.331,0.407,0.738,False
Ty France,SEA,1B,88,300,28,67,14,0,8,31,28,83,0,0.223,0.312,0.35,0.662,False
Oswaldo Cabrera,NYY,3B,109,299,47,74,11,0,8,36,21,63,4,0.247,0.296,0.365,0.661,False
Michael Siani,STL,OF,124,298,42,68,7,2,2,20,21,92,20,0.228,0.285,0.285,0.57,False
Mike Tauchman,CHC,OF,109,298,50,74,12,1,7,29,47,70,6,0.248,0.357,0.366,0.723,False
Zach McKinstry,DET,SS,118,297,32,64,14,5,4,23,24,69,16,0.215,0.277,0.337,0.614,False
TJ Friedl,CIN,OF,85,297,35,67,5,1,13,55,26,52,9,0.226,0.31,0.38,0.69,False
James Wood,WSH,OF,79,295,43,78,13,4,9,41,39,97,14,0.264,0.354,0.427,0.781,False
David Hamilton,BOS,2B,98,294,47,73,17,1,8,28,22,80,33,0.248,0.303,0.395,0.698,False
Christian Vazquez,MIN,C,93,294,29,65,10,0,7,27,11,65,3,0.221,0.248,0.327,0.575,False
Royce Lewis,MIN,3B,82,292,40,68,16,0,16,47,28,74,0,0.233,0.295,0.452,0.747,False
Ben Rortvedt,TB,C,112,290,27,66,13,0,3,31,34,88,1,0.228,0.317,0.303,0.62,False
Kevin Newman,ARI,SS,111,288,41,80,17,1,3,28,15,48,8,0.278,0.311,0.375,0.686,False
Donovan Solano,SD,2B,96,283,31,81,13,0,8,35,22,65,2,0.286,0.343,0.417,0.76,False
Luis Rengifo,LAA,2B,78,283,41,85,13,1,6,30,16,44,24,0.3,0.347,0.417,0.764,False
Joey Meneses,WSH,DH,76,281,19,65,11,0,3,42,21,63,2,0.231,0.291,0.302,0.593,False
Luis Campusano,SD,C,91,277,37,63,13,0,8,40,20,41,0,0.227,0.281,0.361,0.642,False
Kyle Tucker,HOU,OF,78,277,56,80,13,0,23,49,56,54,11,0.289,0.408,0.585,0.993,False
Javier Baez,DET,SS,80,272,25,50,12,0,6,37,12,69,8,0.184,0.221,0.294,0.515,False
Rob Refsnyder,BOS,OF,93,272,32,77,16,1,11,40,28,78,2,0.283,0.359,0.471,0.83,False
Ildemaro Vargas,WSH,3B,97,272,21,67,16,0,1,30,19,31,9,0.246,0.295,0.316,0.611,False
Ramon Urias,BAL,3B,100,272,39,69,9,2,11,37,23,55,1,0.254,0.322,0.423,0.745,False
Tommy Pham,CWS,OF,70,271,33,72,14,1,5,19,25,63,6,0.266,0.33,0.38,0.71,False
Jose Iglesias,NYM,2B,85,270,39,91,16,1,4,26,12,39,6,0.337,0.381,0.448,0.829,False
Christian Yelich,MIL,OF,73,270,44,85,12,3,11,42,40,58,21,0.315,0.406,0.504,0.91,False
Parker Meadows,DET,OF,82,270,39,66,12,6,9,28,25,76,9,0.244,0.31,0.433,0.743,False
Michael Taylor,PIT,OF,113,269,35,52,9,1,5,21,23,105,12,0.193,0.253,0.29,0.543,False
Ezequiel Duran,TEX,3B,92,268,26,66,11,0,3,20,14,63,1,0.246,0.288,0.321,0.609,False
Edouard Julien,MIN,2B,94,266,36,53,9,0,8,21,33,102,6,0.199,0.292,0.323,0.615,False
Xavier Edwards,MIA,SS,70,265,39,87,12,5,1,26,33,52,31,0.328,0.397,0.423,0.82,False
Richie Palacios,TB,2B,92,264,46,59,8,1,5,21,45,67,19,0.223,0.346,0.318,0.664,False
Amed Rosario,TB,2B,76,264,22,81,17,3,2,26,7,48,9,0.307,0.331,0.417,0.748,False
Kerry Carpenter,DET,OF,87,264,37,75,16,5,18,57,22,75,0,0.284,0.345,0.587,0.932,False
Adam Frazier,KC,2B,104,262,35,53,10,1,4,22,22,59,3,0.202,0.282,0.294,0.576,False
Nick Gordon,MIA,OF,95,260,29,59,11,1,8,32,11,67,5,0.227,0.258,0.369,0.627,False
Kevin Pillar,LAA,OF,83,259,37,61,14,1,7,41,12,61,10,0.236,0.291,0.378,0.669,False
Isiah Kiner-Falefa,TOR,SS,83,257,32,75,8,2,7,33,13,37,3,0.292,0.338,0.42,0.758,False
Nolan Jones,COL,OF,79,256,28,58,13,1,3,28,36,91,5,0.227,0.321,0.32,0.641,False
Randal Grichuk,ARI,OF,106,254,40,74,20,2,12,46,20,46,0,0.291,0.348,0.528,0.876,False
Joey Bart,PIT,C,80,253,38,67,11,0,13,45,22,73,0,0.265,0.337,0.462,0.799,False
Brett Wisely,SF,2B,91,252,25,60,13,1,4,31,13,65,2,0.238,0.278,0.345,0.623,False
Dominic Smith,BOS,1B,84,249,29,59,20,0,6,34,25,65,1,0.237,0.317,0.39,0.707,False
Edmundo Sosa,PHI,SS,90,249,39,64,12,4,7,31,13,66,7,0.257,0.313,0.422,0.735,False
Vidal Brujan,MIA,2B,102,248,32,55,14,2,2,16,25,54,5,0.222,0.303,0.319,0.622,False
Jack Suwinski,PIT,OF,88,247,29,45,8,0,9,26,27,79,9,0.182,0.264,0.324,0.588,False
Kyle Higashioka,SD,C,84,246,29,54,10,1,17,45,15,74,2,0.22,0.263,0.476,0.739,False
Tyler Nevin,OAK,3B,87,245,22,50,10,0,7,20,25,64,1,0.204,0.288,0.331,0.619,False
Victor Caratini,HOU,C,87,245,30,66,8,1,8,30,23,53,0,0.269,0.336,0.408,0.744,False
Gary Sanchez,MIL,C,89,245,30,54,7,1,11,37,27,76,0,0.22,0.307,0.392,0.699,False
Jacob Stallings,COL,C,82,243,31,64,17,1,9,36,27,65,0,0.263,0.357,0.453,0.81,False
Chas McCormick,HOU,OF,94,242,32,51,6,1,5,27,17,72,8,0.211,0.271,0.306,0.577,False
Max Muncy,LAD,3B,73,237,47,55,17,0,15,48,45,77,1,0.232,0.358,0.494,0.852,False
David Peralta,SD,OF,91,236,35,63,11,0,8,28,22,54,2,0.267,0.335,0.415,0.75,False
Tim Anderson,MIA,SS,65,234,16,50,3,0,0,9,7,68,4,0.214,0.237,0.226,0.463,False
Sean Murphy,ATL,C,72,233,19,45,5,1,10,25,27,67,0,0.193,0.284,0.352,0.636,False
Austin Martin,MIN,OF,93,233,41,59,18,1,1,16,20,47,7,0.253,0.318,0.352,0.67,False
Jonah Bride,MIA,1B,71,232,30,64,10,0,11,39,30,55,0,0.276,0.357,0.461,0.818,False
Noelvi Marte,CIN,3B,66,229,24,48,9,0,4,18,9,75,9,0.21,0.248,0.301,0.549,False
Ivan Herrera,STL,C,72,229,37,69,12,1,5,27,25,53,5,0.301,0.372,0.428,0.8,False
Willie Calhoun,LAA,OF,68,229,26,56,16,0,5,20,23,31,0,0.245,0.315,0.38,0.695,False
Victor Robles,SEA,OF,77,229,41,75,20,0,4,26,16,44,30,0.328,0.393,0.467,0.86,False
Eloy Jimenez,CWS,DH,65,229,18,55,9,0,5,16,18,47,3,0.24,0.297,0.345,0.642,False
Juan Yepez,WSH,1B,62,226,32,64,15,0,6,26,18,42,2,0.283,0.335,0.429,0.764,False
Elehuris Montero,COL,3B,67,224,23,46,10,0,4,28,20,56,0,0.205,0.267,0.304,0.571,False
Andy Ibanez,DET,2B,99,224,30,54,9,1,5,32,15,63,2,0.241,0.295,0.357,0.652,False
Dominic Fletcher,CWS,OF,72,223,14,46,8,0,1,17,11,58,0,0.206,0.252,0.256,0.508,False
Matt Wallner,MIN,OF,75,220,26,57,17,1,13,37,24,95,3,0.259,0.372,0.523,0.895,False
Eddie Rosario,WSH,OF,67,219,26,40,11,0,7,26,13,54,8,0.183,0.226,0.329,0.555,False
Taylor Walls,TB,SS,84,218,27,40,5,3,1,14,31,67,16,0.183,0.282,0.248,0.53,False
Ramon Laureano,ATL,OF,67,216,28,64,13,1,10,29,8,64,5,0.296,0.327,0.505,0.832,False
Kyle Farmer,MIN,SS,107,215,26,46,13,1,5,25,19,49,3,0.214,0.293,0.353,0.646,False
Yasmani Grandal,PIT,C,72,215,26,49,10,0,9,27,24,46,1,0.228,0.304,0.4,0.704,False
Wilmer Flores,SF,1B,71,214,19,44,12,0,4,26,20,33,0,0.206,0.277,0.318,0.595,False
James McCann,BAL,C,66,214,27,50,9,0,8,31,13,56,1,0.234,0.279,0.388,0.667,False
Chris Taylor,LAD,2B,87,213,28,43,7,1,4,23,28,76,5,0.202,0.298,0.3,0.598,False
Garrett Hampson,KC,SS,113,213,16,49,13,1,0,16,14,59,7,0.23,0.275,0.3,0.575,False
Triston Casas,BOS,1B,63,212,28,51,8,0,13,32,30,77,0,0.241,0.337,0.462,0.799,False
Hunter Goodman,COL,C,70,211,24,40,9,0,13,36,8,64,1,0.19,0.228,0.417,0.645,False
Jose Trevino,NYY,C,74,209,26,45,5,0,8,28,20,41,1,0.215,0.288,0.354,0.642,False
Stuart Fairchild,CIN,OF,94,209,33,45,8,0,8,30,17,60,13,0.215,0.286,0.368,0.654,False
Isiah Kiner-Falefa,PIT,SS,50,208,21,50,10,2,1,10,3,41,8,0.24,0.265,0.322,0.587,False
Addison Barger,TOR,3B,69,208,20,41,11,0,7,28,14,60,2,0.197,0.25,0.351,0.601,False
Anthony Rendon,LAA,3B,57,206,21,45,10,0,0,14,23,35,6,0.218,0.307,0.267,0.574,False
Nick Senzel,WSH,OF,64,206,25,43,10,0,7,18,27,53,1,0.209,0.303,0.359,0.662,False
Nelson Velazquez,KC,DH,64,205,31,41,8,1,8,27,19,61,2,0.2,0.274,0.366,0.64,False
Justyn-Henry Malloy,DET,OF,71,202,18,41,7,1,8,21,23,85,1,0.203,0.291,0.366,0.657,False
Pedro Pages,STL,C,68,202,19,48,3,2,7,27,13,58,2,0.238,0.281,0.376,0.657,False
Enmanuel Valdez,BOS,2B,76,201,23,43,12,0,6,28,17,53,1,0.214,0.27,0.363,0.633,False
Emmanuel Rivera,MIA,3B,97,201,15,43,6,1,1,15,20,51,2,0.214,0.294,0.269,0.563,False
DJ LeMahieu,NYY,3B,67,201,19,41,5,0,2,26,19,35,0,0.204,0.269,0.259,0.528,False
Kevin Kiermaier,TOR,OF,82,200,24,39,7,2,4,18,10,66,5,0.195,0.236,0.31,0.546,False
Randy Arozarena,SEA,OF,54,199,32,46,14,0,5,23,28,68,4,0.231,0.356,0.377,0.733,False
Romy Gonzalez,BOS,2B,89,199,25,53,10,1,6,29,12,58,11,0.266,0.306,0.417,0.723,False
Danny Jansen,TOR,C,62,198,27,42,13,0,6,18,25,42,0,0.212,0.303,0.369,0.672,False
Garrett Mitchell,MIL,OF,69,196,33,50,12,3,8,21,25,71,11,0.255,0.342,0.469,0.811,False
Daniel Schneemann,CLE,SS,73,193,17,42,10,2,5,22,25,70,3,0.218,0.303,0.368,0.671,False
Ronald Acuna,ATL,OF,49,192,38,48,8,1,4,15,27,53,16,0.25,0.351,0.365,0.716,False
Jorge Mateo,BAL,2B,68,192,30,44,14,2,5,18,10,48,13,0.229,0.267,0.401,0.668,False
Travis Jankowski,TEX,OF,104,190,19,38,5,0,1,12,12,44,11,0.2,0.266,0.242,0.508,False
Trey Lipscomb,WSH,3B,61,190,20,38,3,0,1,10,16,40,11,0.2,0.268,0.232,0.5,False
Jackson Holliday,BAL,2B,60,190,28,36,4,2,5,23,15,69,4,0.189,0.255,0.311,0.566,False
Tyler Soderstrom,OAK,1B,61,189,18,44,10,0,9,26,20,53,0,0.233,0.315,0.429,0.744,False
Carson Kelly,DET,C,60,179,21,43,4,1,7,29,17,40,0,0.24,0.325,0.391,0.716,False
Trent Grisham,NYY,OF,76,179,21,34,8,0,9,31,22,57,1,0.19,0.29,0.385,0.675,False
Isaac Paredes,CHC,3B,52,179,23,40,6,0,3,25,24,37,1,0.223,0.325,0.307,0.632,False
Ty France,CIN,1B,52,179,18,45,10,0,5,20,10,31,1,0.251,0.292,0.391,0.683,False
Leo Jimenez,TOR,SS,63,179,18,41,11,0,4,19,12,59,0,0.229,0.329,0.358,0.687,False
Jhonkensy Noel,CLE,OF,67,179,25,39,7,1,13,28,13,63,0,0.218,0.288,0.486,0.774,False
Josh Jung,TEX,3B,46,178,19,47,5,1,7,16,8,48,4,0.264,0.298,0.421,0.719,False
Jazz Chisholm,NYY,3B,46,176,28,48,7,0,11,23,14,45,18,0.273,0.325,0.5,0.825,False
Edward Olivares,PIT,OF,55,174,22,39,4,0,5,23,16,37,1,0.224,0.291,0.333,0.624,False
Christopher Morel,TB,2B,49,173,13,33,4,2,3,9,14,56,1,0.191,0.258,0.289,0.547,False
Corey Julks,CWS,OF,66,173,17,37,7,0,3,14,15,50,5,0.214,0.275,0.306,0.581,False
Jason Heyward,LAD,OF,63,173,25,36,10,2,6,28,17,36,4,0.208,0.289,0.393,0.682,False
Brooks Lee,MIN,SS,50,172,9,38,6,1,3,27,11,27,3,0.221,0.265,0.32,0.585,False
Lane Thomas,CLE,OF,53,172,23,36,10,0,7,23,12,65,4,0.209,0.267,0.39,0.657,False
Daz Cameron,OAK,OF,66,170,22,34,5,1,5,15,13,51,5,0.2,0.258,0.329,0.587,False
Jordan Beck,COL,OF,55,170,14,32,6,0,3,13,12,65,7,0.188,0.245,0.276,0.521,False
Dominic Canzone,SEA,OF,67,168,20,33,7,0,8,17,18,53,1,0.196,0.271,0.381,0.652,False
Blaze Alexander,ARI,SS,61,166,19,41,7,0,3,21,15,49,3,0.247,0.321,0.343,0.664,False
Junior Caminero,TB,3B,43,165,15,41,9,1,6,18,11,38,2,0.248,0.299,0.424,0.723,False
Jordan Walker,STL,OF,51,164,16,33,10,1,5,20,10,50,1,0.201,0.253,0.366,0.619,False
Garrett Stubbs,PHI,C,56,164,18,34,4,1,1,11,17,50,5,0.207,0.296,0.262,0.558,False
Harold Ramirez,TB,DH,48,164,21,44,3,0,1,13,3,33,5,0.268,0.284,0.305,0.589,False
Bryan De La Cruz,PIT,OF,44,160,17,32,6,0,3,17,4,52,2,0.2,0.22,0.294,0.514,False
Justin Turner,SEA,1B,48,159,22,42,7,0,5,24,20,35,0,0.264,0.363,0.403,0.766,False
Alex Kirilloff,MIN,OF,57,159,20,32,8,3,5,20,15,47,0,0.201,0.27,0.384,0.654,False
DJ Stewart,NYM,OF,74,158,16,28,4,0,5,19,31,48,1,0.177,0.325,0.297,0.622,False
Patrick Wisdom,CHC,3B,75,158,16,27,7,2,8,23,10,59,5,0.171,0.237,0.392,0.629,False
Matt Thaiss,LAA,C,57,157,14,32,9,0,2,16,28,58,3,0.204,0.323,0.299,0.622,False
Austin Hays,BAL,OF,63,157,18,40,13,0,3,14,9,40,0,0.255,0.316,0.395,0.711,False
Jose Tena,WSH,3B,41,157,14,43,5,0,3,15,7,39,6,0.274,0.305,0.363,0.668,False
Kyle Stowers,MIA,OF,50,156,12,29,7,2,2,15,13,61,0,0.186,0.262,0.295,0.557,False
Whit Merrifield,PHI,2B,53,156,21,31,4,1,3,11,15,19,11,0.199,0.277,0.295,0.572,False
Nick Ahmed,SF,SS,52,155,13,36,6,1,1,15,10,35,1,0.232,0.278,0.303,0.581,False
Brett Baty,NYM,3B,50,153,15,35,3,0,4,16,16,42,0,0.229,0.306,0.327,0.633,False
Gabriel Arias,CLE,SS,53,153,15,34,9,1,3,15,6,53,5,0.222,0.255,0.353,0.608,False
Jorge Soler,ATL,OF,49,152,27,37,11,0,9,24,24,44,0,0.243,0.356,0.493,0.849,False
Ben Rice,NYY,1B,50,152,20,26,6,0,7,23,20,48,0,0.171,0.264,0.349,0.613,False
Angel Martinez,CLE,OF,43,151,16,35,7,0,3,11,15,33,3,0.232,0.298,0.338,0.636,False
Luis Matos,SF,OF,45,150,14,32,5,0,5,25,5,24,0,0.213,0.237,0.347,0.584,False
Nick Loftin,KC,1B,57,148,15,28,4,0,1,14,19,24,1,0.189,0.282,0.236,0.518,False
Connor Norby,MIA,3B,36,146,29,36,8,0,7,17,15,52,3,0.247,0.315,0.445,0.76,False
Nick Martini,CIN,OF,52,146,23,31,4,2,5,24,9,38,1,0.212,0.272,0.37,0.642,False
Kyle Manzardo,CLE,DH,53,145,11,34,12,0,5,15,9,41,0,0.234,0.282,0.421,0.703,False
Jung Hoo Lee,SF,OF,37,145,15,38,4,0,2,8,10,13,2,0.262,0.31,0.331,0.641,False
Victor Scott,STL,OF,53,145,14,26,9,0,2,10,6,42,5,0.179,0.219,0.283,0.502,False
Evan Carter,TEX,OF,45,144,23,27,6,2,5,15,15,43,2,0.188,0.272,0.361,0.633,False
Kyle McCann,OAK,C,54,140,13,33,4,0,5,15,16,59,0,0.236,0.318,0.371,0.689,False
Josh Bell,ARI,1B,41,140,24,39,5,1,5,22,17,32,0,0.279,0.361,0.436,0.797,False
Austin Barnes,LAD,C,54,140,12,37,3,0,1,11,14,36,3,0.264,0.331,0.307,0.638,False
Alex Jackson,TB,C,58,139,17,17,7,0,3,12,12,53,1,0.122,0.201,0.237,0.438,False
Reese McGuire,BOS,C,53,139,10,29,3,0,3,18,13,39,3,0.209,0.28,0.295,0.575,False
Tommy Edman,LAD,OF,37,139,20,33,5,1,6,20,11,30,6,0.237,0.294,0.417,0.711,False
Sam Hilliard,COL,OF,58,138,26,33,5,1,10,27,14,56,5,0.239,0.305,0.507,0.812,False
Tyler Wade,SD,3B,90,138,28,30,3,0,0,8,11,29,8,0.217,0.285,0.239,0.524,False
Whit Merrifield,ATL,2B,42,137,23,34,5,2,1,4,20,33,6,0.248,0.348,0.336,0.684,False
Luis Arraez,MIA,1B,33,137,22,41,8,1,0,5,8,11,0,0.299,0.347,0.372,0.719,False
Matt Carpenter,STL,DH,59,137,15,32,7,0,4,15,15,51,0,0.234,0.314,0.372,0.686,False
Pavin Smith,ARI,OF,60,137,26,37,11,0,9,36,18,31,1,0.27,0.348,0.547,0.895,False
Joey Loperfido,TOR,OF,43,137,13,27,8,3,2,9,6,52,2,0.197,0.236,0.343,0.579,False
James Outman,LAD,OF,53,136,12,20,4,0,4,11,16,55,2,0.147,0.256,0.265,0.521,False
Miguel Vargas,CWS,3B,42,135,11,14,3,0,2,7,17,41,2,0.104,0.217,0.17,0.387,False
Martin Maldonado,CWS,C,48,135,9,16,3,0,4,11,8,51,0,0.119,0.174,0.23,0.404,False
Luke Maile,CIN,C,55,135,8,24,4,0,2,8,13,52,2,0.178,0.268,0.252,0.52,False
Kris Bryant,COL,DH,37,133,9,29,5,0,2,15,13,48,0,0.218,0.323,0.301,0.624,False
Austin Hedges,CLE,C,66,132,12,20,3,0,2,15,6,50,2,0.152,0.203,0.22,0.423,False
Gio Urshela,ATL,3B,36,132,9,35,9,0,4,15,4,23,0,0.265,0.287,0.424,0.711,False
Danny Mendick,CWS,SS,47,132,13,26,7,0,3,8,6,35,6,0.197,0.243,0.318,0.561,False
Jonathan Aranda,TB,1B,44,128,22,30,7,0,6,14,12,32,0,0.234,0.308,0.43,0.738,False
Andruw Monasterio,MIL,2B,59,125,14,26,5,0,1,16,16,40,6,0.208,0.303,0.272,0.575,False
Grant McCray,SF,OF,37,124,13,25,3,2,5,10,6,56,5,0.202,0.238,0.379,0.617,False
J.D. Davis,OAK,3B,39,123,12,29,4,0,4,5,9,30,0,0.236,0.304,0.366,0.67,False
Curtis Mead,TB,2B,38,122,10,29,3,0,1,7,6,30,2,0.238,0.282,0.287,0.569,False
Dylan Carlson,STL,OF,59,121,12,24,5,0,0,11,12,37,0,0.198,0.275,0.24,0.515,False
Andres Chaparro,WSH,DH,33,121,12,26,12,0,4,15,7,24,1,0.215,0.28,0.413,0.693,False
Darell Hernaiz,OAK,3B,48,120,8,23,3,0,1,12,11,27,1,0.192,0.261,0.242,0.503,False
Dairon Blanco,KC,OF,88,120,37,31,4,0,4,13,8,32,31,0.258,0.308,0.392,0.7,False
Dylan Crews,WSH,OF,31,119,12,26,5,1,3,8,11,26,12,0.218,0.288,0.353,0.641,False
Luis Torrens,NYM,C,48,118,14,27,8,0,3,15,9,28,0,0.229,0.292,0.373,0.665,False
Riley Adams,WSH,C,41,116,10,26,5,1,2,8,10,35,1,0.224,0.292,0.336,0.628,False
Christian Encarnacion-Strand,CIN,1B,29,116,13,22,6,0,2,16,4,35,0,0.19,0.22,0.293,0.513,False
Jesse Winker,NYM,OF,44,115,12,28,5,0,3,13,10,22,0,0.243,0.318,0.365,0.683,False
Dylan Carlson,TB,OF,37,114,7,25,2,0,3,14,10,38,2,0.219,0.299,0.316,0.615,False
Kody Clemens,PHI,3B,44,114,17,25,9,1,5,18,5,29,0,0.219,0.258,0.447,0.705,False
Brooks Baldwin,CWS,2B,33,114,9,24,6,0,2,8,6,31,4,0.211,0.25,0.316,0.566,False
Jerar Encarnacion,SF,OF,35,113,13,28,5,0,5,19,5,34,1,0.248,0.277,0.425,0.702,False
Jose Abreu,HOU,1B,35,113,10,14,2,0,2,7,4,28,0,0.124,0.167,0.195,0.362,False
Cavan Biggio,TOR,2B,44,110,15,22,4,0,2,9,14,42,2,0.2,0.323,0.291,0.614,False
Michael Stefanic,LAA,2B,40,110,8,24,4,0,0,8,10,20,0,0.218,0.301,0.255,0.556,False
Trey Sweeney,DET,SS,36,110,11,24,5,0,4,17,7,32,2,0.218,0.269,0.373,0.642,False
Mike Trout,LAA,OF,29,109,17,24,1,2,10,14,16,27,6,0.22,0.325,0.541,0.866,False
Curt Casali,SF,C,41,108,12,21,3,0,1,8,13,22,0,0.194,0.293,0.25,0.543,False
Paul DeJong,KC,SS,37,108,15,24,3,0,6,15,9,44,0,0.222,0.277,0.417,0.694,False
Derek Hill,MIA,OF,32,107,11,25,4,1,4,18,2,39,4,0.234,0.259,0.402,0.661,False
Casey Schmitt,SF,2B,40,107,11,27,4,1,6,16,4,25,0,0.252,0.283,0.477,0.76,False
Joey Loperfido,HOU,OF,38,106,11,25,5,1,2,16,7,43,2,0.236,0.299,0.358,0.657,False
Robbie Grossman,TEX,OF,46,105,13,25,4,0,3,10,16,25,1,0.238,0.336,0.362,0.698,False
Vaughn Grissom,BOS,2B,31,105,10,20,3,0,0,6,7,24,2,0.19,0.246,0.219,0.465,False
Cristian Pache,PHI,OF,50,104,9,21,5,1,0,9,13,43,0,0.202,0.288,0.269,0.557,False
Luis Guillorme,LAA,2B,51,104,6,24,5,1,0,3,11,23,1,0.231,0.302,0.298,0.6,False
Henry Davis,PIT,C,37,104,9,15,4,0,1,5,13,45,0,0.144,0.242,0.212,0.454,False
Brett Harris,OAK,3B,36,103,15,15,3,0,3,12,17,25,0,0.146,0.276,0.262,0.538,False
Carson Kelly,TEX,C,31,102,11,24,5,0,2,8,8,15,0,0.235,0.291,0.343,0.634,False
Tommy Pham,KC,OF,23,101,9,23,3,1,2,8,3,27,1,0.228,0.25,0.337,0.587,False
Bryan Ramos,CWS,3B,32,99,13,20,4,0,3,11,7,22,0,0.202,0.252,0.333,0.585,False
Alex Call,WSH,OF,30,99,15,34,9,0,3,14,12,19,5,0.343,0.425,0.525,0.95,False
Heston Kjerstad,BAL,OF,39,99,8,25,2,0,4,14,10,33,1,0.253,0.351,0.394,0.745,False
Miles Mastrobuoni,CHC,3B,50,98,9,19,3,0,0,4,7,17,2,0.194,0.245,0.224,0.469,False
Estevan Florial,CLE,OF,36,98,11,17,6,2,3,11,11,41,2,0.173,0.264,0.367,0.631,False
Nick Allen,OAK,SS,41,97,6,17,4,0,1,4,5,20,0,0.175,0.216,0.247,0.463,False
Jose Herrera,ARI,C,42,97,11,22,4,1,1,13,9,27,0,0.227,0.29,0.32,0.61,False
Ryan Noda,OAK,1B,36,95,8,13,4,0,1,4,14,37,0,0.137,0.255,0.211,0.466,False
Alek Thomas,ARI,OF,39,95,13,18,5,1,3,17,7,17,4,0.189,0.245,0.358,0.603,False
Eloy Jimenez,BAL,DH,33,95,7,22,5,0,1,7,4,23,0,0.232,0.27,0.316,0.586,False
Dane Myers,MIA,OF,44,95,17,25,6,1,3,19,8,36,4,0.263,0.333,0.442,0.775,False
Oliver Dunn,MIL,2B,41,95,11,21,2,2,1,7,6,40,3,0.221,0.282,0.316,0.598,False
Trevor Story,BOS,SS,26,94,8,24,7,0,2,10,11,33,6,0.255,0.34,0.394,0.734,False
Aaron Schunk,COL,3B,39,94,14,22,3,0,2,7,4,31,0,0.234,0.265,0.33,0.595,False
Luis Urias,SEA,3B,41,94,11,18,7,0,4,16,9,34,0,0.191,0.303,0.394,0.697,False
Niko Kavadas,LAA,DH,30,93,11,17,2,0,4,8,11,41,1,0.183,0.283,0.333,0.616,False
Jacob Wilson,OAK,SS,28,92,11,23,2,2,0,3,8,10,0,0.25,0.314,0.315,0.629,False
Sean Bouchard,COL,OF,31,91,14,17,7,0,1,8,12,33,4,0.187,0.29,0.297,0.587,False
Yan Gomes,CHC,C,34,91,7,14,2,0,2,7,2,36,0,0.154,0.179,0.242,0.421,False
Austin Slater,SF,OF,43,90,12,18,1,0,1,9,16,31,2,0.2,0.33,0.244,0.574,False
Andrew Knizner,TEX,C,37,90,5,15,1,0,1,9,1,22,0,0.167,0.183,0.211,0.394,False
Weston Wilson,PHI,OF,41,88,13,25,7,1,3,10,8,29,3,0.284,0.347,0.489,0.836,False
Alika Williams,PIT,SS,37,87,13,18,4,2,0,5,3,22,1,0.207,0.242,0.299,0.541,False
Nick Madrigal,CHC,2B,51,86,5,19,3,0,0,10,4,10,1,0.221,0.28,0.256,0.536,False
Trey Cabbage,HOU,OF,45,86,12,18,8,0,1,8,4,34,1,0.209,0.253,0.337,0.59,False
Ali Sanchez,MIA,C,31,84,5,14,2,0,0,4,4,24,2,0.167,0.211,0.19,0.401,False
Dillon Dingler,DET,C,27,84,2,14,5,2,1,11,3,30,0,0.167,0.195,0.31,0.505,False
Miguel Sano,LAA,1B,28,83,9,17,3,0,2,6,9,36,0,0.205,0.295,0.313,0.608,False
Bobby Dalbec,BOS,1B,37,83,6,11,2,0,1,8,8,43,3,0.133,0.217,0.193,0.41,False
Tomas Nido,NYM,C,32,83,9,19,2,0,3,8,4,20,0,0.229,0.261,0.361,0.622,False
Griffin Conine,MIA,OF,30,82,14,22,4,1,3,12,6,28,0,0.268,0.326,0.451,0.777,False
Christian Bethancourt,MIA,C,38,82,9,13,3,0,2,7,3,22,0,0.159,0.198,0.268,0.466,False
Will Wagner,TOR,2B,24,82,8,25,6,0,2,11,4,16,0,0.305,0.337,0.451,0.788,False
Tucker Barnhart,ARI,C,31,81,13,14,3,0,0,6,13,31,1,0.173,0.287,0.21,0.497,False
Danny Jansen,BOS,C,30,80,8,15,0,0,3,6,15,19,0,0.188,0.323,0.3,0.623,False
Adrian Del Castillo,ARI,C,25,80,12,25,5,0,4,19,7,28,1,0.313,0.368,0.525,0.893,False
Jace Jung,DET,3B,34,79,14,19,5,0,0,3,15,29,0,0.241,0.362,0.304,0.666,False
Austin Hays,PHI,OF,22,78,8,20,5,0,2,6,0,19,2,0.256,0.275,0.397,0.672,False
Eddie Rosario,ATL,OF,24,78,7,12,1,0,3,9,3,23,1,0.154,0.181,0.282,0.463,False
Nick Sogard,BOS,SS,31,77,13,21,4,0,0,8,7,25,3,0.273,0.326,0.325,0.651,False
Nathan Lukes,TOR,OF,22,76,13,23,4,2,1,10,10,9,1,0.303,0.371,0.447,0.818,False
Marco Luciano,SF,SS,27,76,10,16,5,1,0,3,5,28,0,0.211,0.259,0.303,0.562,False
Ji Hwan Bae,PIT,OF,29,74,11,14,2,0,0,6,6,24,6,0.189,0.247,0.216,0.463,False
Harold Ramirez,WSH,DH,25,74,7,18,4,1,1,16,2,17,1,0.243,0.273,0.365,0.638,False
Jose Azocar,SD,OF,61,73,13,16,2,0,0,2,5,19,5,0.219,0.269,0.247,0.516,False
Akil Baddoo,DET,OF,31,73,7,10,2,2,2,5,8,27,1,0.137,0.22,0.301,0.521,False
Mark Canha,SF,1B,32,73,4,21,3,0,0,4,9,17,3,0.288,0.376,0.329,0.705,False
Cavan Biggio,LAD,2B,30,73,11,14,1,0,3,10,10,28,0,0.192,0.306,0.329,0.635,False
Leo Rivas,SEA,2B,43,73,10,17,1,1,0,8,10,24,3,0.233,0.333,0.274,0.607,False
Eric Wagaman,LAA,3B,18,72,6,18,5,0,2,10,2,17,0,0.25,0.27,0.403,0.673,False
Miguel Vargas,LAD,3B,30,71,11,17,4,0,3,9,8,16,1,0.239,0.313,0.423,0.736,False
Brandon Crawford,STL,SS,29,71,5,12,5,0,1,4,8,26,0,0.169,0.263,0.282,0.545,False
Robbie Grossman,CWS,OF,25,71,6,15,4,0,0,4,13,20,2,0.211,0.329,0.268,0.597,False
Jose Fermin,STL,2B,45,71,7,11,1,1,0,4,7,11,2,0.155,0.241,0.197,0.438,False
Daniel Vogelbach,TOR,DH,31,70,5,13,5,0,1,8,9,17,0,0.186,0.278,0.3,0.578,False
Chuckie Robinson,CWS,C,26,70,2,9,0,0,0,0,5,20,0,0.129,0.197,0.129,0.326,False
Garrett Cooper,BOS,1B,24,70,3,12,4,0,0,5,3,22,0,0.171,0.227,0.229,0.456,False
Ramon Laureano,CLE,OF,31,70,7,10,3,0,1,4,7,32,3,0.143,0.265,0.229,0.494,False
Austin Slater,BAL,OF,33,69,10,17,3,0,1,6,8,23,1,0.246,0.342,0.333,0.675,False
Tommy Pham,STL,OF,23,68,7,14,3,1,2,12,7,16,0,0.206,0.286,0.368,0.654,False
Joshua Palacios,PIT,OF,23,67,10,15,2,0,2,9,10,12,1,0.224,0.333,0.343,0.676,False
Bligh Madris,DET,OF,21,67,8,18,3,0,1,5,6,20,0,0.269,0.324,0.358,0.682,False
Jacob Amaya,CWS,SS,23,67,4,12,1,0,0,3,4,28,1,0.179,0.225,0.194,0.419,False
Zach DeLoach,CWS,OF,22,67,10,14,5,0,1,5,8,21,0,0.209,0.293,0.328,0.621,False
Jack Lopez,LAA,2B,27,67,4,17,3,0,1,6,2,25,0,0.254,0.286,0.343,0.629,False
Eric Haase,MIL,C,30,66,10,18,1,0,5,14,3,28,0,0.273,0.304,0.515,0.819,False
Jon Berti,NYY,3B,25,66,10,18,0,0,1,6,6,14,5,0.273,0.342,0.318,0.66,False
Omar Narvaez,NYM,C,28,65,4,10,2,0,0,5,3,12,0,0.154,0.191,0.185,0.376,False
Emmanuel Rivera,BAL,3B,27,64,9,20,3,1,4,14,6,18,0,0.313,0.37,0.578,0.948,False
Braden Shewmake,CWS,SS,29,64,4,8,2,0,1,4,1,10,5,0.125,0.134,0.203,0.337,False
Alan Trejo,COL,SS,28,63,4,9,0,0,0,1,2,15,0,0.143,0.182,0.143,0.325,False
Bryce Johnson,SD,OF,47,63,9,13,2,0,0,4,7,12,1,0.206,0.286,0.238,0.524,False
Brian Serven,TOR,C,28,63,6,10,4,0,0,3,5,22,0,0.159,0.243,0.222,0.465,False
Ryan Bliss,SEA,2B,33,63,10,14,3,1,2,9,5,22,5,0.222,0.29,0.397,0.687,False
Zach Dezenzo,HOU,1B,19,62,5,15,2,0,2,8,3,22,0,0.242,0.277,0.371,0.648,False
Nasim Nunez,WSH,SS,51,61,14,15,1,0,0,1,12,15,8,0.246,0.37,0.262,0.632,False
Mike Ford,CIN,DH,17,60,2,9,0,1,1,4,2,15,0,0.15,0.177,0.233,0.41,False
Pablo Reyes,BOS,SS,21,60,4,11,2,0,0,5,3,19,1,0.183,0.234,0.217,0.451,False
Cristian Pache,MIA,OF,35,60,4,11,3,0,1,7,4,21,1,0.183,0.234,0.283,0.517,False
Kevin Kiermaier,LAD,OF,34,59,7,12,2,1,1,8,2,20,1,0.203,0.242,0.322,0.564,False
Ryan Kreidler,DET,SS,35,59,9,7,0,0,1,2,6,19,5,0.119,0.2,0.169,0.369,False
David Dahl,PHI,OF,19,58,6,12,2,0,3,8,3,21,0,0.207,0.242,0.397,0.639,False
Ben Gamel,HOU,OF,20,58,13,15,3,0,1,4,11,17,0,0.259,0.377,0.362,0.739,False
Christian Bethancourt,CHC,C,24,57,9,16,4,0,3,15,2,14,3,0.281,0.305,0.509,0.814,False
Aaron Hicks,LAA,OF,18,57,6,8,0,0,1,5,6,23,0,0.14,0.222,0.193,0.415,False
Amed Rosario,CIN,2B,22,57,6,9,0,0,1,4,1,23,3,0.158,0.186,0.211,0.397,False
Drew Millas,WSH,C,20,57,7,14,1,0,1,1,5,16,4,0.246,0.306,0.316,0.622,False
Jasson Dominguez,NYY,OF,18,56,8,10,1,0,2,4,11,19,5,0.179,0.313,0.304,0.617,False
Esteury Ruiz,OAK,OF,29,55,10,11,2,1,2,8,4,20,5,0.2,0.27,0.382,0.652,False
Jason Heyward,HOU,OF,24,55,8,12,2,0,4,9,5,17,1,0.218,0.283,0.473,0.756,False
Jacob Hurtubise,CIN,OF,29,54,7,10,1,1,0,4,6,18,2,0.185,0.297,0.241,0.538,False
Zack Short,ATL,2B,30,54,9,8,3,0,0,5,12,16,2,0.148,0.313,0.204,0.517,False
Yuli Gurriel,KC,1B,18,54,7,13,3,0,0,6,9,15,1,0.241,0.338,0.296,0.634,False
Jared Walsh,TEX,1B,17,53,9,12,2,0,1,7,7,21,0,0.226,0.317,0.321,0.638,False
Eguy Rosario,SD,3B,30,53,5,13,6,0,3,6,2,20,0,0.245,0.286,0.528,0.814,False
David Hensley,MIA,DH,23,52,9,11,1,0,1,4,6,17,1,0.212,0.293,0.288,0.581,False
Chadwick Tromp,ATL,C,19,52,3,13,6,0,0,6,1,17,0,0.25,0.259,0.365,0.624,False
Drew Romo,COL,C,16,51,4,9,3,0,0,6,2,18,0,0.176,0.208,0.235,0.443,False
Kyren Paris,LAA,SS,21,51,4,6,2,0,1,5,7,17,1,0.118,0.224,0.216,0.44,False
Rafael Marchan,PHI,C,17,51,8,15,4,0,3,6,3,8,0,0.294,0.345,0.549,0.894,False
Cole Tucker,LAA,OF,25,50,3,9,4,1,0,3,6,17,3,0.18,0.263,0.3,0.563,False
Avisail Garcia,MIA,OF,18,50,4,12,1,0,2,2,1,13,0,0.24,0.255,0.38,0.635,False
Mason McCoy,SD,SS,19,49,7,10,2,0,0,3,5,19,1,0.204,0.278,0.245,0.523,False
Tyler Black,MIL,DH,18,49,4,10,2,0,0,2,7,17,3,0.204,0.316,0.245,0.561,False
Thomas Saggese,STL,2B,18,49,5,10,2,0,1,4,2,14,0,0.204,0.25,0.306,0.556,False
Billy Cook,PIT,OF,16,49,5,11,2,0,3,8,0,19,1,0.224,0.224,0.449,0.673,False
Nick Ahmed,LAD,SS,17,48,6,11,0,0,1,2,1,14,1,0.229,0.245,0.292,0.537,False
Tomas Nido,CHC,C,17,47,5,6,2,0,1,4,1,15,0,0.128,0.143,0.234,0.377,False
Davis Wendzel,TEX,3B,27,47,2,6,2,0,1,2,1,12,0,0.128,0.163,0.234,0.397,False
Rece Hinds,CIN,OF,24,46,9,12,4,1,5,11,4,16,2,0.261,0.333,0.717,1.05,False
David Bote,CHC,2B,37,46,4,14,4,0,0,6,2,13,0,0.304,0.333,0.391,0.724,False
Luke Williams,ATL,SS,37,46,8,9,3,0,0,4,4,13,3,0.196,0.275,0.261,0.536,False
Gustavo Campero,LAA,OF,13,46,6,11,0,1,1,6,0,8,3,0.239,0.271,0.348,0.619,False
Tyler Locklear,SEA,1B,16,45,3,7,1,0,2,3,3,20,1,0.156,0.224,0.311,0.535,False
Ryan Vilade,DET,OF,17,45,5,8,0,0,1,5,2,12,0,0.178,0.208,0.244,0.452,False
Derek Hill,TEX,OF,16,43,5,11,0,0,3,5,2,14,2,0.256,0.289,0.465,0.754,False
Jahmai Jones,NYY,DH,33,42,8,10,1,1,1,4,2,16,1,0.238,0.304,0.381,0.685,False
Austin Shenton,TB,3B,19,42,3,9,5,0,1,3,8,14,0,0.214,0.34,0.405,0.745,False
Justin Foscue,TEX,DH,15,42,3,2,1,0,0,1,2,18,0,0.048,0.091,0.071,0.162,False
Rene Pinto,TB,C,19,42,5,9,3,0,2,6,4,18,0,0.214,0.292,0.429,0.721,False
Coby Mayo,BAL,3B,17,41,4,4,0,0,0,0,4,22,0,0.098,0.196,0.098,0.294,False
Shay Whitcomb,HOU,3B,20,41,1,9,3,0,0,5,5,8,0,0.22,0.304,0.293,0.597,False
Jonatan Clase,SEA,OF,19,41,4,8,1,0,0,3,2,14,3,0.195,0.233,0.22,0.453,False
Luken Baker,STL,DH,21,40,3,7,1,1,2,10,7,11,1,0.175,0.286,0.4,0.686,False
Jamie Westbrook,BOS,OF,21,40,4,6,2,0,2,7,4,14,0,0.15,0.234,0.35,0.584,False
Yoan Moncada,CWS,3B,12,40,4,11,3,1,0,0,5,11,1,0.275,0.356,0.4,0.756,False
Luisangel Acuna,NYM,SS,14,39,6,12,2,1,3,6,1,6,0,0.308,0.325,0.641,0.966,False
Eli White,ATL,OF,35,39,9,11,1,1,1,4,1,12,3,0.282,0.333,0.436,0.769,False
Seby Zavala,SEA,C,18,39,4,6,2,0,1,2,3,16,0,0.154,0.214,0.282,0.496,False
Jhonny Pereda,MIA,C,20,39,2,9,0,0,0,4,0,10,0,0.231,0.25,0.231,0.481,False
Nick Yorke,PIT,2B,11,37,4,8,0,0,2,5,4,12,2,0.216,0.286,0.378,0.664,False
Armando Alvarez,OAK,3B,16,37,7,9,1,0,0,2,2,8,1,0.243,0.282,0.27,0.552,False
Steward Berroa,TOR,OF,28,37,7,7,1,0,0,1,8,14,6,0.189,0.333,0.216,0.549,False
Garrett Cooper,CHC,1B,12,37,3,10,1,1,1,6,4,13,0,0.27,0.341,0.432,0.773,False
Jonathan Ornelas,TEX,SS,18,37,1,8,2,0,0,3,2,13,0,0.216,0.256,0.27,0.526,False
Luis Guillorme,ARI,2B,18,37,6,6,2,0,0,4,11,8,3,0.162,0.347,0.216,0.563,False
Joey Wendle,NYM,3B,18,36,3,8,1,0,0,1,1,9,1,0.222,0.243,0.25,0.493,False
Kyle Stowers,BAL,OF,19,36,3,11,4,0,1,9,0,13,0,0.306,0.297,0.5,0.797,False
Adael Amador,COL,2B,10,35,1,6,1,0,0,0,1,6,1,0.171,0.194,0.2,0.394,False
Logan Driscoll,TB,C,15,35,2,6,0,0,1,5,1,6,0,0.171,0.189,0.257,0.446,False
Jordyn Adams,LAA,OF,11,35,4,8,0,0,1,4,3,12,2,0.229,0.289,0.314,0.603,False
David Villar,SF,2B,11,35,3,9,4,0,1,4,1,13,0,0.257,0.27,0.457,0.727,False
Javier Sanoja,MIA,OF,15,35,3,8,2,0,0,2,1,4,0,0.229,0.25,0.286,0.536,False
Tom Murphy,SF,C,13,34,3,4,1,0,1,2,4,14,0,0.118,0.211,0.235,0.446,False
Oscar Colas,CWS,OF,13,33,1,9,0,0,0,4,4,10,0,0.273,0.368,0.273,0.641,False
Zach Remillard,CWS,2B,15,33,3,8,1,1,0,1,5,10,1,0.242,0.342,0.333,0.675,False
Connor Norby,BAL,3B,9,32,3,6,1,0,2,3,0,12,0,0.188,0.188,0.406,0.594,False
Graham Pauley,SD,3B,13,32,4,4,0,0,2,5,0,15,0,0.125,0.125,0.313,0.438,False
Blake Sabol,SF,C,11,32,3,10,2,0,0,1,5,9,0,0.313,0.421,0.375,0.796,False
Robbie Grossman,KC,OF,16,32,2,4,0,0,0,2,5,13,0,0.125,0.263,0.125,0.388,False
Travis Blankenhorn,WSH,3B,13,31,2,4,1,0,0,5,1,9,0,0.129,0.156,0.161,0.317,False
Johnathan Rodriguez,CLE,OF,13,31,6,4,1,0,0,5,9,14,0,0.129,0.325,0.161,0.486,False
Nick Senzel,CWS,OF,10,30,0,3,1,0,0,0,1,8,0,0.1,0.129,0.133,0.262,False
Nacho Alvarez,ATL,SS,8,30,1,3,0,0,0,0,0,10,0,0.1,0.156,0.1,0.256,False
Luis De Los Santos,TOR,3B,13,29,2,5,2,0,0,1,2,10,0,0.172,0.226,0.241,0.467,False
Forrest Wall,ATL,OF,13,29,3,7,0,0,0,1,3,6,3,0.241,0.313,0.241,0.554,False
Aledmys Diaz,OAK,SS,12,29,2,3,0,0,0,1,1,7,0,0.103,0.133,0.103,0.236,False
Jason Vosler,SEA,3B,10,28,2,5,1,1,0,3,2,9,0,0.179,0.233,0.286,0.519,False
Keston Hiura,LAA,1B,10,27,1,4,0,0,0,1,0,10,0,0.148,0.148,0.148,0.296,False
Owen Miller,MIL,2B,14,27,2,5,1,0,0,3,0,8,0,0.185,0.185,0.222,0.407,False
Dominic Smith,CIN,1B,9,26,4,5,2,0,0,0,3,11,0,0.192,0.276,0.269,0.545,False
Ehire Adrianza,LAA,OF,8,26,4,5,1,0,1,2,2,11,0,0.192,0.25,0.346,0.596,False
Matt Mervis,CHC,DH,9,26,1,3,1,0,0,3,1,8,0,0.115,0.148,0.154,0.302,False
Joey Wiemer,MIL,OF,19,26,2,4,0,0,0,0,1,9,1,0.154,0.185,0.154,0.339,False
Blake Dunn,CIN,OF,19,26,8,4,1,0,1,1,2,11,2,0.154,0.241,0.308,0.549,False
Trenton Brooks,SF,1B,12,25,3,3,0,0,0,1,4,6,1,0.12,0.241,0.12,0.361,False
Cesar Salazar,HOU,C,12,25,5,8,2,0,0,8,2,6,0,0.32,0.387,0.4,0.787,False
Billy McKinney,PIT,OF,10,25,4,5,1,0,0,2,2,13,0,0.2,0.286,0.24,0.526,False
Kevin Pillar,CWS,OF,17,25,1,4,2,0,1,4,4,8,2,0.16,0.29,0.36,0.65,False
Victor Robles,WSH,OF,14,25,3,3,0,0,0,2,5,9,4,0.12,0.281,0.12,0.401,False
Alexander Canario,CHC,OF,15,25,4,7,1,0,1,2,2,11,1,0.28,0.357,0.44,0.797,False
Cal Stevenson,PHI,OF,18,24,2,6,3,0,0,6,3,4,0,0.25,0.333,0.375,0.708,False
Ben Gamel,NYM,OF,18,23,9,5,1,0,0,0,7,7,1,0.217,0.4,0.261,0.661,False
Jace Peterson,ARI,3B,14,22,2,1,0,0,0,1,3,6,0,0.045,0.154,0.045,0.199,False
Donovan Walton,SF,SS,9,22,3,3,0,0,1,2,2,7,0,0.136,0.24,0.273,0.513,False
Grae Kessinger,HOU,3B,23,21,4,0,0,0,0,0,3,7,0,0.0,0.16,0.0,0.16,False
Tristan Gray,OAK,1B,8,21,0,3,1,0,0,0,3,13,0,0.143,0.25,0.19,0.44,False
Charles Leblanc,LAA,3B,11,21,6,4,0,0,2,6,7,9,0,0.19,0.393,0.476,0.869,False
Elias Diaz,SD,C,12,21,1,4,2,0,1,3,3,5,0,0.19,0.292,0.429,0.721,False
Luis Guillorme,ATL,2B,10,20,2,3,2,0,0,3,1,5,0,0.15,0.19,0.25,0.44,False
Jonatan Clase,TOR,OF,7,20,3,7,1,0,1,2,1,3,0,0.35,0.435,0.55,0.985,False
Pedro Leon,HOU,OF,7,20,2,2,0,0,0,0,1,10,2,0.1,0.143,0.1,0.243,False
Austin Wynns,CIN,C,7,19,3,7,4,0,0,2,0,5,0,0.368,0.4,0.579,0.979,False
J.D. Davis,NYY,3B,7,19,1,2,1,0,0,1,3,9,0,0.105,0.227,0.158,0.385,False
Austin Slater,CIN,OF,8,18,2,2,0,0,0,3,2,6,0,0.111,0.19,0.111,0.301,False
Bubba Thompson,CIN,OF,17,18,5,2,1,0,0,0,0,11,5,0.111,0.111,0.167,0.278,False
Mickey Gasper,BOS,C,13,18,1,0,0,0,0,0,4,8,0,0.0,0.217,0.0,0.217,False
Isaac Collins,MIL,OF,11,17,0,2,0,0,0,0,2,10,1,0.118,0.211,0.118,0.329,False
Jorge Barrosa,ARI,OF,8,17,3,3,2,0,0,1,0,2,1,0.176,0.176,0.294,0.47,False
Drew Waters,KC,OF,7,16,2,3,1,0,0,1,2,6,0,0.188,0.316,0.25,0.566,False
Brett Sullivan,SD,C,7,16,1,3,0,0,1,2,1,4,0,0.188,0.235,0.375,0.61,False
Niko Goodrum,TB,OF,9,16,1,3,0,0,0,0,1,6,0,0.188,0.235,0.188,0.423,False
Sam Haggerty,SEA,OF,8,15,1,1,0,0,0,1,1,4,1,0.067,0.125,0.067,0.192,False
Jason Delay,PIT,C,7,15,1,3,3,0,0,6,3,0,0,0.2,0.333,0.4,0.733,False
Kameron Misner,TB,OF,8,15,0,1,0,0,0,0,0,10,0,0.067,0.067,0.067,0.134,False
Rafael Ortega,CWS,OF,14,14,4,1,0,0,0,1,2,4,2,0.071,0.176,0.071,0.247,False
Jakson Reetz,SF,C,6,14,1,2,1,0,1,1,1,5,0,0.143,0.2,0.429,0.629,False
Darren Baker,WSH,2B,9,14,1,7,2,0,0,0,0,3,0,0.5,0.5,0.643,1.143,False
Carlos Narvaez,NYY,C,6,13,0,3,0,0,0,0,2,6,0,0.231,0.333,0.231,0.564,False
Niko Goodrum,LAA,OF,4,13,1,0,0,0,0,0,2,4,1,0.0,0.133,0.0,0.133,False
DaShawn Keirsey,MIN,OF,6,13,1,2,0,0,1,1,0,1,0,0.154,0.214,0.385,0.599,False
Derek Hill,SF,OF,5,12,3,3,0,1,0,2,1,3,0,0.25,0.308,0.417,0.725,False
Hunter Feduccia,LAD,C,5,12,2,4,0,0,0,1,2,2,0,0.333,0.429,0.333,0.762,False
Luis Vazquez,CHC,SS,11,12,2,1,0,0,0,1,0,6,0,0.083,0.143,0.083,0.226,False
Brandon Lockridge,SD,OF,12,12,4,2,0,0,1,1,0,4,2,0.167,0.167,0.417,0.584,False
Bryce Teodosio,LAA,OF,5,12,1,1,0,0,0,0,0,5,0,0.083,0.083,0.083,0.166,False
Amed Rosario,LAD,2B,5,11,1,3,1,0,0,2,1,2,1,0.273,0.333,0.364,0.697,False
Buddy Kennedy,PHI,3B,8,11,1,2,1,0,0,2,2,3,0,0.182,0.308,0.273,0.581,False
Buddy Kennedy,DET,3B,6,10,2,2,0,0,1,4,2,4,1,0.2,0.308,0.5,0.808,False
J.P. Martinez,ATL,OF,7,10,2,2,1,0,0,0,0,4,1,0.2,0.2,0.3,0.5,False
Oswald Peraza,NYY,3B,4,10,2,2,0,0,1,1,1,3,0,0.2,0.273,0.5,0.773,False
Livan Soto,BAL,SS,12,10,1,3,1,0,0,0,3,2,0,0.3,0.462,0.4,0.862,False
Kevin Alcantara,CHC,OF,3,10,1,1,0,0,0,0,0,1,0,0.1,0.1,0.1,0.2,False
Michael Helman,MIN,2B,9,10,2,3,2,0,0,0,0,3,0,0.3,0.3,0.5,0.8,False
Liover Peguero,PIT,SS,3,10,0,2,1,0,0,2,0,3,0,0.2,0.2,0.3,0.5,False
Tyler Heineman,TOR,C,6,10,2,1,0,0,0,0,3,5,0,0.1,0.308,0.1,0.408,False
Levi Jordan,CIN,3B,7,10,1,1,1,0,0,1,0,3,0,0.1,0.091,0.2,0.291,False
Vinny Capra,MIL,3B,3,9,1,1,1,0,0,0,0,3,0,0.111,0.111,0.222,0.333,False
Tony Kemp,BAL,2B,5,9,1,0,0,0,0,0,1,1,0,0.0,0.1,0.0,0.1,False
Eddy Alvarez,NYM,2B,13,9,2,0,0,0,0,0,1,2,0,0.0,0.182,0.0,0.182,False
Rob Brantly,TB,C,3,9,0,1,0,0,0,0,0,2,0,0.111,0.111,0.111,0.222,False
Zack Short,NYM,2B,10,9,2,1,0,0,0,0,2,4,0,0.111,0.273,0.111,0.384,False
Edwin Rios,CIN,1B,5,9,1,1,0,0,0,0,1,4,0,0.111,0.2,0.111,0.311,False
David Fletcher,ATL,2B,5,8,0,2,0,0,0,2,0,1,0,0.25,0.222,0.25,0.472,False
CJ Alexander,KC,3B,4,8,0,1,0,0,0,0,0,3,0,0.125,0.125,0.125,0.25,False
Conner Capel,CIN,OF,5,8,1,2,0,0,0,0,0,2,1,0.25,0.25,0.25,0.5,False
Ryan McKenna,BAL,OF,9,8,3,3,0,0,2,2,1,1,0,0.375,0.444,1.125,1.569,False
Cade Marlowe,SEA,OF,8,8,1,2,0,0,0,0,1,1,0,0.25,0.333,0.25,0.583,False
Cooper Hummel,HOU,DH,6,8,0,0,0,0,0,0,0,2,1,0.0,0.0,0.0,0.0,False
Matt Duffy,TEX,3B,4,7,2,2,0,0,0,0,2,1,0,0.286,0.5,0.286,0.786,False
Aramis Garcia,PHI,C,3,7,0,0,0,0,0,0,0,3,0,0.0,0.0,0.0,0.0,False
Nick Ahmed,SD,SS,2,7,1,1,0,0,0,0,0,2,0,0.143,0.143,0.143,0.286,False
Zack Short,BOS,2B,2,7,0,0,0,0,0,0,0,4,0,0.0,0.0,0.0,0.0,False
Grant Koch,PIT,C,3,7,1,0,0,0,0,0,1,6,0,0.0,0.125,0.0,0.125,False
Tristan Gray,MIA,1B,7,7,0,0,0,0,0,0,0,3,0,0.0,0.0,0.0,0.0,False
Dustin Harris,TEX,OF,2,6,1,2,1,0,1,3,1,2,0,0.333,0.429,1.0,1.429,False
Andrew Knapp,SF,C,3,6,0,1,0,0,0,0,0,2,0,0.167,0.167,0.167,0.334,False
Diego A. Castillo,MIN,OF,4,6,3,2,1,0,0,2,2,1,0,0.333,0.5,0.5,1.0,False
Ryan McKenna,SF,OF,4,6,1,0,0,0,0,0,0,4,1,0.0,0.0,0.0,0.0,False
Taylor Trammell,LAD,OF,5,6,0,0,0,0,0,0,0,3,0,0.0,0.0,0.0,0.0,False
Jair Camargo,MIN,C,5,6,1,0,0,0,0,0,1,3,0,0.0,0.143,0.0,0.143,False
Tyler Gentry,KC,OF,3,5,0,0,0,0,0,0,0,2,0,0.0,0.0,0.0,0.0,False
Stone Garrett,WSH,DH,2,5,2,3,1,0,1,3,1,0,0,0.6,0.667,1.4,2.067,False
Sandro Fabian,TEX,OF,3,5,0,0,0,0,0,0,0,0,0,0.0,0.0,0.0,0.0,False
Brian Anderson,ATL,3B,3,5,0,0,0,0,0,0,0,2,0,0.0,0.0,0.0,0.0,False
Cavan Biggio,ATL,2B,4,5,1,1,0,0,0,0,0,2,0,0.2,0.2,0.2,0.4,False
Greg Jones,COL,OF,6,5,1,1,0,0,1,1,1,4,0,0.2,0.333,0.8,1.133,False
Nick Maton,BAL,3B,5,5,0,0,0,0,0,0,0,2,0,0.0,0.0,0.0,0.0,False
Brewer Hicklen,MIL,OF,3,5,0,0,0,0,0,0,0,4,1,0.0,0.0,0.0,0.0,False
Samad Taylor,SEA,2B,3,5,2,2,0,0,0,0,0,1,0,0.4,0.4,0.4,0.8,False
Myles Straw,CLE,OF,7,4,2,1,0,0,0,0,0,0,2,0.25,0.25,0.25,0.5,False
Jose Devers,MIA,SS,3,4,1,1,0,0,0,0,0,1,0,0.25,0.25,0.25,0.5,False
Jose Tena,CLE,3B,3,4,0,0,0,0,0,0,0,2,0,0.0,0.0,0.0,0.0,False
Aledmys Diaz,HOU,SS,2,4,0,0,0,0,0,0,0,2,0,0.0,0.0,0.0,0.0,False
Duke Ellis,CWS,OF,8,4,1,0,0,0,0,0,0,2,4,0.0,0.0,0.0,0.0,False
Matthew Batten,SD,3B,1,3,0,1,0,1,0,0,0,0,0,0.333,0.333,1.0,1.333,False
Forrest Wall,MIA,OF,3,3,1,1,0,0,0,0,0,2,1,0.333,0.333,0.333,0.666,False
Orelvis Martinez,TOR,2B,1,3,0,1,0,0,0,0,0,1,0,0.333,0.333,0.333,0.666,False
Sam Huff,TEX,C,3,3,0,0,0,0,0,0,1,2,0,0.0,0.25,0.0,0.25,False
Livan Soto,CIN,SS,1,3,0,0,0,0,0,0,0,1,0,0.0,0.0,0.0,0.0,False
Tyler Heineman,BOS,C,2,2,0,0,0,0,0,0,0,1,0,0.0,0.333,0.0,0.333,False
Cristian Pache,BAL,OF,3,1,0,1,0,0,0,0,0,0,0,1.0,1.0,1.0,2.0,False
Taylor Trammell,NYY,OF,5,1,2,1,0,0,0,0,1,0,0,1.0,1.0,1.0,2.0,False
Daniel Johnson,BAL,OF,1,1,1,0,0,0,0,0,0,0,0,0.0,0.0,0.0,0.0,False
David Banuelos,BAL,C,1,1,0,0,0,0,0,0,0,0,0,0.0,0.0,0.0,0.0,False
Jacob Amaya,HOU,SS,1,1,0,0,0,0,0,0,0,0,0,0.0,0.0,0.0,0.0,False
Duke Ellis,NYY,OF,3,1,0,1,0,0,0,0,0,0,1,1.0,1.0,1.0,2.0,False
Chris Roller,MIL,OF,1,1,0,0,0,0,0,0,0,1,0,0.0,0.0,0.0,0.0,False
Eric Yang,CIN,C,1,1,0,0,0,0,0,0,0,1,0,0.0,0.0,0.0,0.0,False
Joey Wiemer,CIN,OF,2,0,0,0,0,0,0,0,1,0,0,0.0,1.0,0.0,1.0,False
